CRN,URL,Course,Title,Instructors,Course Meeting,Credits
30061,/courses/!SWKSCAT.cat?p_action=COURSE&p_term=201130&p_crn=30061,ANTH 201,INTRO TO SOCIAL/CULTURAL ANTH,"Mitchell, Beverly M.",11:00AM - 2:05PM MTWRF SEW 560,3
30173,/courses/!SWKSCAT.cat?p_action=COURSE&p_term=201130&p_crn=30173,ANTH 201,INTRO TO SOCIAL/CULTURAL ANTH,"Ranova, Elitza S.",4:15PM - 7:30PM TWR SEW 560,3
30255,/courses/!SWKSCAT.cat?p_action=COURSE&p_term=201130&p_crn=30255,ANTH 205,INTRO TO ARCHAEOLOGY,"Clark, Brian T.",12:00PM - 2:40PM MWF SEW 560,3
30175,/courses/!SWKSCAT.cat?p_action=COURSE&p_term=201130&p_crn=30175,ANTH 290,HIST/ETHNOGRAPHY (THE MORMONS),"Adair-Kriz, Michael D.",10:00AM - 12:15PM TWR TBA TBA,3
30226,/courses/!SWKSCAT.cat?p_action=COURSE&p_term=201130&p_crn=30226,ANTH 311,MASCULINITIES,"Bendixsen, Casper",9:00AM - 1:00PM MTWR RZR 310,3
30176,/courses/!SWKSCAT.cat?p_action=COURSE&p_term=201130&p_crn=30176,ANTH 329,"BODIES, SENSUALITIES, & ART","Dib, Lina",1:00PM - 4:00PM MTWRF RZR 302,3
30177,/courses/!SWKSCAT.cat?p_action=COURSE&p_term=201130&p_crn=30177,ANTH 338,READING POPULAR CULTURE,"Ranova, Elitza S.",4:30PM - 7:35PM MTWRF SEW 560,3
30178,/courses/!SWKSCAT.cat?p_action=COURSE&p_term=201130&p_crn=30178,ANTH 361,LATIN AMERICAN TOPICS,"Adair-Kriz, Michael D.", TBA TBA,3
30252,/courses/!SWKSCAT.cat?p_action=COURSE&p_term=201130&p_crn=30252,ANTH 364,AFRICAN ARCHAEOLOGY,"Fleisher, Jeffrey B.", TBA TBA,3
30253,/courses/!SWKSCAT.cat?p_action=COURSE&p_term=201130&p_crn=30253,ANTH 370,ARCHAEOLOGICAL LABORATORY,"Fleisher, Jeffrey B.", TBA TBA,3 TO 6
30063,/courses/!SWKSCAT.cat?p_action=COURSE&p_term=201130&p_crn=30063,ANTH 381,MEDICAL ANTHROPOLOGY,"Mitchell, Beverly M.",2:15PM - 5:20PM MTWRF SEW 562,3
30064,/courses/!SWKSCAT.cat?p_action=COURSE&p_term=201130&p_crn=30064,ANTH 381,MEDICAL ANTHROPOLOGY,"Mitchell, Beverly M.",2:00PM - 4:40PM TWR RZR 302,3
30065,/courses/!SWKSCAT.cat?p_action=COURSE&p_term=201130&p_crn=30065,ANTH 386,"MEDICINE, FOOD, AND HEALTH","Olson, Valerie A.",9:00AM - 1:26PM MTW SEW 562,3
30066,/courses/!SWKSCAT.cat?p_action=COURSE&p_term=201130&p_crn=30066,ANTH 388,LIFE CYCLE: A BIOCULTURAL VIEW,"Mitchell, Beverly M.",5:30PM - 8:10PM TWR SEW 562,3
30275,/courses/!SWKSCAT.cat?p_action=COURSE&p_term=201130&p_crn=30275,ANTH 404,INDEPENDENT STUDY,"Mitchell, Beverly M.", TBA TBA,1 TO 9
30179,/courses/!SWKSCAT.cat?p_action=COURSE&p_term=201130&p_crn=30179,ANTH 446,ADV BIOMEDICAL ANTHROPOLOGY,"Mitchell, Beverly M.",12:00PM - 2:00PM TWRF TBA TBA,3
30180,/courses/!SWKSCAT.cat?p_action=COURSE&p_term=201130&p_crn=30180,ANTH 455,SCIENCE AND TECHNOLOGY STUDIES,"Olson, Valerie A.",9:00AM - 12:20PM TR SEW 560,3
30001,/courses/!SWKSCAT.cat?p_action=COURSE&p_term=201130&p_crn=30001,ANTH 800,RESEARCH AND THESIS,"Faubion, Jim", TBA TBA,3 TO 9
30237,/courses/!SWKSCAT.cat?p_action=COURSE&p_term=201130&p_crn=30237,ARCH 100,(LAUNCH) RICE SUMMER ARCH,"Alford, Grant","9:00AM - 11:00AM MTWR TBA TBA
1:00PM - 4:00PM MTWR TBA TBA",4
30002,/courses/!SWKSCAT.cat?p_action=COURSE&p_term=201130&p_crn=30002,ARCH 700,PRACTICUM,"El-Dahdah, Fares", TBA TBA,3
30170,/courses/!SWKSCAT.cat?p_action=COURSE&p_term=201130&p_crn=30170,ARTS 432,FILM GENRE: THE WESTERN,"Huberman, Brian M.",7:00PM - 10:00PM TR TBA TBA,3
30069,/courses/!SWKSCAT.cat?p_action=COURSE&p_term=201130&p_crn=30069,BIOC 201,INTRODUCTORY BIOLOGY,"McDowelle, Dana M.",9:00AM - 10:20AM MTWR RZR 310,3
30236,/courses/!SWKSCAT.cat?p_action=COURSE&p_term=201130&p_crn=30236,BIOC 211,INTRO EXPERIMENTAL BIOSCIENCES,"Eich, Elizabeth A.","9:00AM - 12:00PM TR ABL 141
1:00PM - 5:00PM TR ABL 141",2
30207,/courses/!SWKSCAT.cat?p_action=COURSE&p_term=201130&p_crn=30207,BIOC 311,ADV EXPERIMENTAL BIOSCIENCES,"Beason-Abmayr, Beth",9:00AM - 4:00PM MTWF TBA TBA,2
30070,/courses/!SWKSCAT.cat?p_action=COURSE&p_term=201130&p_crn=30070,BIOC 320,LABORATORY IN TISSUE CULTURE,"Saterbak, Ann; Ramos, Renata F.",9:00AM - 7:00PM MTWF TBA TBA,1
30004,/courses/!SWKSCAT.cat?p_action=COURSE&p_term=201130&p_crn=30004,BIOC 777,VISITING RESEARCH TRAINEE,, TBA TBA,0
30005,/courses/!SWKSCAT.cat?p_action=COURSE&p_term=201130&p_crn=30005,BIOC 800,BCB GRADUATE RESEARCH,, TBA TBA,1 TO 15
30072,/courses/!SWKSCAT.cat?p_action=COURSE&p_term=201130&p_crn=30072,BIOE 342,LABORATORY IN TISSUE CULTURE,"Saterbak, Ann",9:00AM - 4:00PM MTWF TBA TBA,1
30278,/courses/!SWKSCAT.cat?p_action=COURSE&p_term=201130&p_crn=30278,BIOE 405,IND RESEARCH/INTERN PROGRAM,, TBA TBA,0
30003,/courses/!SWKSCAT.cat?p_action=COURSE&p_term=201130&p_crn=30003,BIOE 500,GRADUATE RESEARCH,, TBA TBA,1 TO 15
30279,/courses/!SWKSCAT.cat?p_action=COURSE&p_term=201130&p_crn=30279,BIOE 777,VISITING RESEARCH TRAINEE,, TBA TBA,0
30007,/courses/!SWKSCAT.cat?p_action=COURSE&p_term=201130&p_crn=30007,BUSI 800,PHD RESEARCH,, TBA TBA,1 TO 12
30016,/courses/!SWKSCAT.cat?p_action=COURSE&p_term=201130&p_crn=30016,CAAM 591,INDEPENDENT STUDY,, TBA TBA,1 TO 15
30017,/courses/!SWKSCAT.cat?p_action=COURSE&p_term=201130&p_crn=30017,CAAM 777,VISITING RESEARCH TRAINEE,"Cox, Steven J.", TBA TBA,0
30018,/courses/!SWKSCAT.cat?p_action=COURSE&p_term=201130&p_crn=30018,CAAM 800,THESIS,, TBA TBA,1 TO 15
30014,/courses/!SWKSCAT.cat?p_action=COURSE&p_term=201130&p_crn=30014,CEVE 652,M.S. RESEARCH AND THESIS,, TBA TBA,1 TO 15
30015,/courses/!SWKSCAT.cat?p_action=COURSE&p_term=201130&p_crn=30015,CEVE 801,PHD RESEARCH AND THESIS,, TBA TBA,1 TO 15
30008,/courses/!SWKSCAT.cat?p_action=COURSE&p_term=201130&p_crn=30008,CHBE 500,UNDERGRADUATE RESEARCH,, TBA TBA,1 TO 6
30009,/courses/!SWKSCAT.cat?p_action=COURSE&p_term=201130&p_crn=30009,CHBE 600,MASTER CHEM ENGINEER RESEARCH,, TBA TBA,1 TO 12
30010,/courses/!SWKSCAT.cat?p_action=COURSE&p_term=201130&p_crn=30010,CHBE 700,M.S. RESEARCH AND THESIS,, TBA TBA,1 TO 15
30011,/courses/!SWKSCAT.cat?p_action=COURSE&p_term=201130&p_crn=30011,CHBE 800,GRADUATE RESEARCH,,,1 TO 15
30012,/courses/!SWKSCAT.cat?p_action=COURSE&p_term=201130&p_crn=30012,CHEM 777,VISITING RESEARCH TRAINEE,"Matsuda, Seiichi P.", TBA TBA,0
30013,/courses/!SWKSCAT.cat?p_action=COURSE&p_term=201130&p_crn=30013,CHEM 800,GRADUATE RESEARCH,"Matsuda, Seiichi P.", TBA TBA,1 TO 15
30079,/courses/!SWKSCAT.cat?p_action=COURSE&p_term=201130&p_crn=30079,COMM 103,ACADEMIC WRITING & ARGUMENT,"Messmer, David K.",3:30PM - 5:45PM MWF HNZ 201,3
30080,/courses/!SWKSCAT.cat?p_action=COURSE&p_term=201130&p_crn=30080,COMM 103,ACADEMIC WRITING & ARGUMENT,"Birge, Sarah E.",10:00AM - 1:05PM MTWRF HRG 128,3
30081,/courses/!SWKSCAT.cat?p_action=COURSE&p_term=201130&p_crn=30081,COMM 103,ACADEMIC WRITING & ARGUMENT,"Messmer, David K.",10:00AM - 12:55PM MTW RZR 302,3
30019,/courses/!SWKSCAT.cat?p_action=COURSE&p_term=201130&p_crn=30019,COMP 590,COMPUTER SCIENCE PROJECTS,, TBA TBA,1 TO 4
30020,/courses/!SWKSCAT.cat?p_action=COURSE&p_term=201130&p_crn=30020,COMP 690,RESEARCH AND THESIS,, TBA TBA,1 TO 12
30021,/courses/!SWKSCAT.cat?p_action=COURSE&p_term=201130&p_crn=30021,COMP 800,GRADUATE RESEARCH,, TBA TBA,1 TO 15
30006,/courses/!SWKSCAT.cat?p_action=COURSE&p_term=201130&p_crn=30006,EBIO 801,EEB GRADUATE RESEARCH,"Dunham, Amy E.", TBA TBA,1 TO 15
30228,/courses/!SWKSCAT.cat?p_action=COURSE&p_term=201130&p_crn=30228,EBIO 801,EEB GRADUATE RESEARCH,"Holland, Nat", TBA TBA,1 TO 15
30229,/courses/!SWKSCAT.cat?p_action=COURSE&p_term=201130&p_crn=30229,EBIO 801,EEB GRADUATE RESEARCH,"Kohn, Michael", TBA TBA,1 TO 15
30230,/courses/!SWKSCAT.cat?p_action=COURSE&p_term=201130&p_crn=30230,EBIO 801,EEB GRADUATE RESEARCH,"Putnam, Nik", TBA TBA,1 TO 15
30231,/courses/!SWKSCAT.cat?p_action=COURSE&p_term=201130&p_crn=30231,EBIO 801,EEB GRADUATE RESEARCH,"Queller, David C.; Strassmann, Joan E.", TBA TBA,1 TO 15
30232,/courses/!SWKSCAT.cat?p_action=COURSE&p_term=201130&p_crn=30232,EBIO 801,EEB GRADUATE RESEARCH,"Rudgers, Jennifer A.", TBA TBA,1 TO 15
30233,/courses/!SWKSCAT.cat?p_action=COURSE&p_term=201130&p_crn=30233,EBIO 801,EEB GRADUATE RESEARCH,"Rudolf, Volker", TBA TBA,1 TO 15
30234,/courses/!SWKSCAT.cat?p_action=COURSE&p_term=201130&p_crn=30234,EBIO 801,EEB GRADUATE RESEARCH,"Whitney, Kenneth D.", TBA TBA,1 TO 15
30235,/courses/!SWKSCAT.cat?p_action=COURSE&p_term=201130&p_crn=30235,EBIO 801,EEB GRADUATE RESEARCH,"Siemann, Evan H.", TBA TBA,1 TO 15
30195,/courses/!SWKSCAT.cat?p_action=COURSE&p_term=201130&p_crn=30195,ECON 307,PROBABILITY & STATISTICS,"Guerra, Rudy",9:00AM - 12:00PM TR BNC 145,3
30025,/courses/!SWKSCAT.cat?p_action=COURSE&p_term=201130&p_crn=30025,ECON 800,GRADUATE RESEARCH,, TBA TBA,1 TO 12
30082,/courses/!SWKSCAT.cat?p_action=COURSE&p_term=201130&p_crn=30082,EDUC 440,SUPRVSD TEACHING:SUMMER SCHOOL,"Heckelman, Lissa",7:30AM - 3:30PM MTWRF TBA TBA,3
30083,/courses/!SWKSCAT.cat?p_action=COURSE&p_term=201130&p_crn=30083,ELEC 490,ELEC ENG'G RESEARCH PROJECTS,, TBA TBA,1 TO 6
30272,/courses/!SWKSCAT.cat?p_action=COURSE&p_term=201130&p_crn=30272,ELEC 490,ELEC ENG'G RESEARCH PROJECTS,, TBA TBA,1 TO 6
30026,/courses/!SWKSCAT.cat?p_action=COURSE&p_term=201130&p_crn=30026,ELEC 590,ELECTRICAL PROJECTS,, TBA TBA,1 TO 6
30027,/courses/!SWKSCAT.cat?p_action=COURSE&p_term=201130&p_crn=30027,ELEC 800,RESEARCH AND THESIS,, TBA TBA,1 TO 15
30028,/courses/!SWKSCAT.cat?p_action=COURSE&p_term=201130&p_crn=30028,ENGI 550,ENGINEERING FOR HS TEACHERS,"Young, James F", TBA TBA,1 TO 3
30202,/courses/!SWKSCAT.cat?p_action=COURSE&p_term=201130&p_crn=30202,ENGL 270,ASPECTS OF MODERN LITERATURE,"Saxton, Benjamin T.",1:00PM - 4:05PM MTWRF HRG 224,3
30254,/courses/!SWKSCAT.cat?p_action=COURSE&p_term=201130&p_crn=30254,ENGL 272,LITERATURE AND MEDICINE,"Klein, Andrew A.",10:30AM - 12:10PM MWR HRG 128,3
30088,/courses/!SWKSCAT.cat?p_action=COURSE&p_term=201130&p_crn=30088,ENGL 320,SHAKESPEARE ON FILM,"Delsigne, Jill",10:00AM - 12:30PM MWF HUM 120,3
30203,/courses/!SWKSCAT.cat?p_action=COURSE&p_term=201130&p_crn=30203,ENGL 362,SURVEY OF AMER FICT 1910-1950,"Case, Richard P.",10:00AM - 11:40AM MWF WSC 123,3
30284,/courses/!SWKSCAT.cat?p_action=COURSE&p_term=201130&p_crn=30284,ENGL 622,SPRING DIRECTED READING,"Worth, David S.", TBA TBA,3
30029,/courses/!SWKSCAT.cat?p_action=COURSE&p_term=201130&p_crn=30029,ENGL 703,RESEARCH LEADING TO CANDIDACY,, TBA TBA,1 TO 9
30030,/courses/!SWKSCAT.cat?p_action=COURSE&p_term=201130&p_crn=30030,ENGL 704,RESEARCH LEADING TO CANDIDACY,, TBA TBA,1 TO 15
30031,/courses/!SWKSCAT.cat?p_action=COURSE&p_term=201130&p_crn=30031,ENGL 800,PHD RESEARCH AND THESIS,, TBA TBA,1 TO 9
30182,/courses/!SWKSCAT.cat?p_action=COURSE&p_term=201130&p_crn=30182,ENST 201,SCIENCE BEHIND GLOBAL WARMING,"Droxler, Andre W.",9:00AM - 2:00PM TWR TBA TBA,3
30181,/courses/!SWKSCAT.cat?p_action=COURSE&p_term=201130&p_crn=30181,ESCI 201,SCIENCE BEHIND GLOBAL WARMING,"Droxler, Andre W.",9:00AM - 2:00PM TWR TBA TBA,3
30022,/courses/!SWKSCAT.cat?p_action=COURSE&p_term=201130&p_crn=30022,ESCI 501,SPECIAL STUDIES GRAD STUDENTS,, TBA TBA,1 TO 15
30023,/courses/!SWKSCAT.cat?p_action=COURSE&p_term=201130&p_crn=30023,ESCI 515,GEOPHYS FLD WK FOR EDUCATORS,"Wallace, Davin J.; Sawyer, Dale S.", TBA TBA,3
30024,/courses/!SWKSCAT.cat?p_action=COURSE&p_term=201130&p_crn=30024,ESCI 800,THESIS RESEARCH,, TBA TBA,1 TO 15
30171,/courses/!SWKSCAT.cat?p_action=COURSE&p_term=201130&p_crn=30171,FILM 432,FILM GENRE: THE WESTERN,"Huberman, Brian M.",7:00PM - 10:00PM TR TBA TBA,3
30032,/courses/!SWKSCAT.cat?p_action=COURSE&p_term=201130&p_crn=30032,FREN 700,SUMMER GRADUATE RESEARCH,, TBA TBA,1 TO 12
30111,/courses/!SWKSCAT.cat?p_action=COURSE&p_term=201130&p_crn=30111,HEAL 212,CONSUMER HEALTH AND THE MEDIA,"Iammarino, Nick",10:30AM - 12:59PM MTW TUD 201,3
30268,/courses/!SWKSCAT.cat?p_action=COURSE&p_term=201130&p_crn=30268,HEAL 379,INTERNSHIP IN HEALTH SCIENCES,"Iammarino, Nick", TBA TBA,1 TO 3
30267,/courses/!SWKSCAT.cat?p_action=COURSE&p_term=201130&p_crn=30267,HEAL 498, US/UK COMPARATIVE HEALTHCARE,"Iammarino, Nick", TBA TBA,1 TO 3
30094,/courses/!SWKSCAT.cat?p_action=COURSE&p_term=201130&p_crn=30094,HIST 102,"MODERN EUROPE, 1789-PRESENT","Cohen, Daniel",9:00AM - 12:00PM MTWRF HUM 327,3
30246,/courses/!SWKSCAT.cat?p_action=COURSE&p_term=201130&p_crn=30246,HIST 117,AMERICA TO 1848,"Wright, Benjamin G.",6:30PM - 8:30PM MTWR HUM 327,3
30247,/courses/!SWKSCAT.cat?p_action=COURSE&p_term=201130&p_crn=30247,HIST 188,THE ATLANTIC WORLD,"Wainwright, Jim",1:00PM - 3:00PM MTWR RZR 205,3
30183,/courses/!SWKSCAT.cat?p_action=COURSE&p_term=201130&p_crn=30183,HIST 235,THE WORLD AND THE WEST,"Makdisi, Ussama",9:00AM - 12:00PM MTWRF TBA TBA,3
30251,/courses/!SWKSCAT.cat?p_action=COURSE&p_term=201130&p_crn=30251,HIST 351,AMERICA SINCE 1945,"Ellis, Blake",1:30PM - 4:00PM TR SEW 460,3
30033,/courses/!SWKSCAT.cat?p_action=COURSE&p_term=201130&p_crn=30033,HIST 800,PH.D. RESEARCH,, TBA TBA,9 TO 12
30098,/courses/!SWKSCAT.cat?p_action=COURSE&p_term=201130&p_crn=30098,HUMA 201,PUBLIC SPEAKING,"Worth, David S.",1:00PM - 3:45PM MTWRF HUM 120,3
30212,/courses/!SWKSCAT.cat?p_action=COURSE&p_term=201130&p_crn=30212,HUMA 201,PUBLIC SPEAKING,"Worth, David S.",10:45AM - 12:00PM MTWR TBA TBA,3
30184,/courses/!SWKSCAT.cat?p_action=COURSE&p_term=201130&p_crn=30184,HUMA 235,THE WORLD AND THE WEST,"Makdisi, Ussama",9:00AM - 12:00PM MTWRF TBA TBA,3
30102,/courses/!SWKSCAT.cat?p_action=COURSE&p_term=201130&p_crn=30102,HUMA 301,RHETORICAL CRITICISM,"Prince, Glenn",8:15PM - 9:30PM MTWR HRG 224,3
30103,/courses/!SWKSCAT.cat?p_action=COURSE&p_term=201130&p_crn=30103,HUMA 302,RHETORICAL THEORY,"Worth, David S.",3:00PM - 4:15PM MTWR HUM 120,3
30210,/courses/!SWKSCAT.cat?p_action=COURSE&p_term=201130&p_crn=30210,HUMA 302,RHETORICAL THEORY,"Worth, David S.",4:00PM - 6:45PM MTWR HUM 120,3
30105,/courses/!SWKSCAT.cat?p_action=COURSE&p_term=201130&p_crn=30105,HUMA 308,BUSINESS&PROFESSIONAL SPEAKING,"Prince, Glenn",1:00PM - 2:15PM MTWR TBA TBA,3
30211,/courses/!SWKSCAT.cat?p_action=COURSE&p_term=201130&p_crn=30211,HUMA 308,BUSINESS&PROFESSIONAL SPEAKING,"Prince, Glenn",10:00AM - 12:45PM MTWRF HUM 227,3
30106,/courses/!SWKSCAT.cat?p_action=COURSE&p_term=201130&p_crn=30106,HUMA 308,BUSINESS&PROFESSIONAL SPEAKING,"Prince, Glenn",4:01PM - 6:00PM MTWR HRG 224,3
30216,/courses/!SWKSCAT.cat?p_action=COURSE&p_term=201130&p_crn=30216,HUMA 308,BUSINESS&PROFESSIONAL SPEAKING,"Prince, Glenn",1:00PM - 2:45PM MTWR HRG 224,3
30107,/courses/!SWKSCAT.cat?p_action=COURSE&p_term=201130&p_crn=30107,HUMA 312,FOUNDATIONS OF LEADERSHIP,"Worth, David S.",10:00AM - 12:45PM MTWRF HRG 224,3
30109,/courses/!SWKSCAT.cat?p_action=COURSE&p_term=201130&p_crn=30109,HUMA 312,FOUNDATIONS OF LEADERSHIP,"Prince, Glenn",1:00PM - 3:45PM MTWRF HUM 327,3
30213,/courses/!SWKSCAT.cat?p_action=COURSE&p_term=201130&p_crn=30213,HUMA 312,FOUNDATIONS OF LEADERSHIP,"Prince, Glenn",10:45AM - 12:00PM MTWR HRG 224,3
30214,/courses/!SWKSCAT.cat?p_action=COURSE&p_term=201130&p_crn=30214,HUMA 312,FOUNDATIONS OF LEADERSHIP,"Worth, David S.",1:00PM - 2:15PM MTWR HUM 120,3
30218,/courses/!SWKSCAT.cat?p_action=COURSE&p_term=201130&p_crn=30218,HUMA 312,FOUNDATIONS OF LEADERSHIP,"Worth, David S.",10:30AM - 12:15PM MTWR RZR 202,3
30221,/courses/!SWKSCAT.cat?p_action=COURSE&p_term=201130&p_crn=30221,HUMA 312,FOUNDATIONS OF LEADERSHIP,"Prince, Glenn",6:00PM - 8:00PM MTWR HRG 224,3
30112,/courses/!SWKSCAT.cat?p_action=COURSE&p_term=201130&p_crn=30112,KINE 120,FOUNDATIONS OF KINESIOLOGY,"Etnyre, Bruce R.",1:30PM - 4:00PM MTWR TUD 201,3
30113,/courses/!SWKSCAT.cat?p_action=COURSE&p_term=201130&p_crn=30113,KINE 120,FOUNDATIONS OF KINESIOLOGY,"Disch, James G.",10:30AM - 12:15PM MTWR TUD 101,3
30114,/courses/!SWKSCAT.cat?p_action=COURSE&p_term=201130&p_crn=30114,KINE 310,PSYC OF SPORT & EXERCISE,"Perkins, Heidi Y.",9:00AM - 11:15AM MTWR RZR 205,3
30115,/courses/!SWKSCAT.cat?p_action=COURSE&p_term=201130&p_crn=30115,KINE 319,INTRO TO MEASUREMENT AND STATS,"Disch, James G.",9:00AM - 11:45AM MTWRF SEW 207,3
30222,/courses/!SWKSCAT.cat?p_action=COURSE&p_term=201130&p_crn=30222,KINE 321,EXERCISE PHYSIOLOGY,"Rodriguez, Augusto X.",3:30PM - 5:00PM MTWR TUD 101,3
30223,/courses/!SWKSCAT.cat?p_action=COURSE&p_term=201130&p_crn=30223,KINE 323,EXERCISE PHYSIOLOGY LABORATORY,"Rodriguez, Augusto X.",7:00PM - 8:30PM MTWR TUD 101,3
30116,/courses/!SWKSCAT.cat?p_action=COURSE&p_term=201130&p_crn=30116,KINE 375,SPORTS MEDICINE INTERNSHIP,"Etnyre, Bruce R.", TBA TBA,1 TO 3
30264,/courses/!SWKSCAT.cat?p_action=COURSE&p_term=201130&p_crn=30264,KINE 375,SPORTS MEDICINE INTERNSHIP,"Rodriguez, Augusto X.", TBA TBA,1 TO 3
30108,/courses/!SWKSCAT.cat?p_action=COURSE&p_term=201130&p_crn=30108,LEAD 301,FOUNDATIONS OF LEADERSHIP,"Worth, David S.",10:00AM - 12:45PM MTWRF HRG 224,3
30110,/courses/!SWKSCAT.cat?p_action=COURSE&p_term=201130&p_crn=30110,LEAD 301,FOUNDATIONS OF LEADERSHIP,"Prince, Glenn",1:00PM - 3:45PM MTWRF HUM 327,3
30239,/courses/!SWKSCAT.cat?p_action=COURSE&p_term=201130&p_crn=30239,LEAD 301,FOUNDATIONS OF LEADERSHIP,"Prince, Glenn",10:45AM - 12:00PM MTWR HRG 224,3
30240,/courses/!SWKSCAT.cat?p_action=COURSE&p_term=201130&p_crn=30240,LEAD 301,FOUNDATIONS OF LEADERSHIP,"Worth, David S.",1:00PM - 2:15PM MTWR HUM 120,3
30241,/courses/!SWKSCAT.cat?p_action=COURSE&p_term=201130&p_crn=30241,LEAD 301,FOUNDATIONS OF LEADERSHIP,"Worth, David S.",10:30AM - 12:15PM MTWR RZR 202,3
30243,/courses/!SWKSCAT.cat?p_action=COURSE&p_term=201130&p_crn=30243,LEAD 301,FOUNDATIONS OF LEADERSHIP,"Prince, Glenn",6:00PM - 8:00PM MTWR HRG 224,3
30034,/courses/!SWKSCAT.cat?p_action=COURSE&p_term=201130&p_crn=30034,LING 581,GRADUATE RESEARCH,,,1 TO 12
30186,/courses/!SWKSCAT.cat?p_action=COURSE&p_term=201130&p_crn=30186,LPAP 186,PILATES,"Gossett, Megan W.",9:00AM - 11:00AM MWF GRW MPR 3,0
30187,/courses/!SWKSCAT.cat?p_action=COURSE&p_term=201130&p_crn=30187,LPAP 197,DISCOVERING PERSONAL WELLNESS,"Slator, Elizabeth A.",10:00AM - 12:00PM TR GRW 160A,0
30120,/courses/!SWKSCAT.cat?p_action=COURSE&p_term=201130&p_crn=30120,MATH 101,SINGLE VARIABLE CALCULUS I,"Munger, Paul E.",1:00PM - 4:05PM MTWRF HBH 227,3
30122,/courses/!SWKSCAT.cat?p_action=COURSE&p_term=201130&p_crn=30122,MATH 102,SINGLE VARIABLE CALCULUS II,"Franklin, Bridget",9:30AM - 12:35PM MTWRF HBH 423,3
30123,/courses/!SWKSCAT.cat?p_action=COURSE&p_term=201130&p_crn=30123,MATH 102,SINGLE VARIABLE CALCULUS II,"Ray, Arunima",10:15AM - 12:00PM MWF SEW 460,3
30124,/courses/!SWKSCAT.cat?p_action=COURSE&p_term=201130&p_crn=30124,MATH 211,ORD DIFFERENTIAL EQUATIONS,"Martin, Taylor E.",1:00PM - 4:05PM MTWRF HBH 427,3
30125,/courses/!SWKSCAT.cat?p_action=COURSE&p_term=201130&p_crn=30125,MATH 211,ORD DIFFERENTIAL EQUATIONS,"Davis, Christopher W.",9:00AM - 10:45AM MWF SEW 560,3
30126,/courses/!SWKSCAT.cat?p_action=COURSE&p_term=201130&p_crn=30126,MATH 212,MULTIVARIABLE CALCULUS,"Li, Zhiyuan",1:00PM - 4:05PM MTWRF HBH 423,3
30127,/courses/!SWKSCAT.cat?p_action=COURSE&p_term=201130&p_crn=30127,MATH 212,MULTIVARIABLE CALCULUS,"Ong, Darren C.",10:00AM - 11:45AM MWF SEW 562,3
30128,/courses/!SWKSCAT.cat?p_action=COURSE&p_term=201130&p_crn=30128,MATH 355,LINEAR ALGEBRA,"Tanner, Daniel J.",1:00PM - 4:05PM MTWRF HBH 453,3
30238,/courses/!SWKSCAT.cat?p_action=COURSE&p_term=201130&p_crn=30238,MATH 355,LINEAR ALGEBRA,"Carroll, Colin",1:00PM - 3:00PM MTR RZR 310,3
30035,/courses/!SWKSCAT.cat?p_action=COURSE&p_term=201130&p_crn=30035,MATH 800,GRADUATE THESIS AND RESEARCH,, TBA TBA,1 TO 15
30037,/courses/!SWKSCAT.cat?p_action=COURSE&p_term=201130&p_crn=30037,MECH 800,RESEARCH AND THESIS,, TBA TBA,1 TO 12
30260,/courses/!SWKSCAT.cat?p_action=COURSE&p_term=201130&p_crn=30260,MGMT 697,STRATEGIC MGMT HEALTHCARE,"Spann, Stephen J.; Pazgal, Amit I.", TBA TBA,2
30266,/courses/!SWKSCAT.cat?p_action=COURSE&p_term=201130&p_crn=30266,MGMT 703,FIELD STUDY - AMERICAN BUS I,, TBA TBA,0
30259,/courses/!SWKSCAT.cat?p_action=COURSE&p_term=201130&p_crn=30259,MGMT 743,INTL BUS BRIEFING-HK/BEIJENG,"Uecker, Wil; Ferguson, Sean O.", TBA TBA,1.5
30262,/courses/!SWKSCAT.cat?p_action=COURSE&p_term=201130&p_crn=30262,MSCI 621,M.M.S. RESEARCH PROJECT I,"Lou, Jun", TBA TBA,3
30263,/courses/!SWKSCAT.cat?p_action=COURSE&p_term=201130&p_crn=30263,MSCI 622,M.M.S. RESEARCH PROJECT II,"Lou, Jun", TBA TBA,3
30280,/courses/!SWKSCAT.cat?p_action=COURSE&p_term=201130&p_crn=30280,NSCI 580,CONTEMP TOPICS IN ELEM MATH,"Papakonstantinou, Anne", TBA TBA,1 TO 6
30281,/courses/!SWKSCAT.cat?p_action=COURSE&p_term=201130&p_crn=30281,NSCI 585,CONTEMP TOPICS IN MDL SCH MATH,"Papakonstantinou, Anne", TBA TBA,1 TO 6
30282,/courses/!SWKSCAT.cat?p_action=COURSE&p_term=201130&p_crn=30282,NSCI 586,CONT TOPICS IN K-12 SCI & MATH,, TBA TBA,1 TO 6
30283,/courses/!SWKSCAT.cat?p_action=COURSE&p_term=201130&p_crn=30283,NSCI 590,CONTEMP TOPICS HIGH SCHL MATH,"Papakonstantinou, Anne", TBA TBA,1 TO 6
30129,/courses/!SWKSCAT.cat?p_action=COURSE&p_term=201130&p_crn=30129,PHIL 100,PROBLEMS OF PHILOSOPHY,"Tune, Dustin",1:00PM - 2:30PM MTWRF HUM 227,3
30131,/courses/!SWKSCAT.cat?p_action=COURSE&p_term=201130&p_crn=30131,PHIL 101,CONTEMPORARY MORAL ISSUES,"Phillips, Heather A.",10:00AM - 12:30PM TR HNZ 201,3
30225,/courses/!SWKSCAT.cat?p_action=COURSE&p_term=201130&p_crn=30225,PHIL 101,CONTEMPORARY MORAL ISSUES,"Gray, Derrick",1:00PM - 4:00PM MTWRF HUM 227,3
30043,/courses/!SWKSCAT.cat?p_action=COURSE&p_term=201130&p_crn=30043,PHIL 599,ADVANCED INDEPENDENT READING,, TBA TBA,1 TO 6
30044,/courses/!SWKSCAT.cat?p_action=COURSE&p_term=201130&p_crn=30044,PHIL 800,RESEARCH AND THESIS,, TBA TBA,1 TO 15
30261,/courses/!SWKSCAT.cat?p_action=COURSE&p_term=201130&p_crn=30261,PHYS 461,INDEPENDENT RESEARCH,"Padley, Paul", TBA TBA,1 TO 6
30201,/courses/!SWKSCAT.cat?p_action=COURSE&p_term=201130&p_crn=30201,PHYS 465,REU RESEARCH IN PHYS & ASTR,, TBA TBA,1 TO 3
30045,/courses/!SWKSCAT.cat?p_action=COURSE&p_term=201130&p_crn=30045,PHYS 777,VISITING RESEARCH TRAINEE,, TBA TBA,0
30046,/courses/!SWKSCAT.cat?p_action=COURSE&p_term=201130&p_crn=30046,PHYS 800,GRADUATE RESEARCH,, TBA TBA,1 TO 15
30206,/courses/!SWKSCAT.cat?p_action=COURSE&p_term=201130&p_crn=30206,POLI 395,INTRO TO STATISTICS,"Meddaugh, William C.",10:00AM - 1:20PM MTWRF SEW 101,3
30047,/courses/!SWKSCAT.cat?p_action=COURSE&p_term=201130&p_crn=30047,POLI 600,MA RESEARCH AND THESIS,"Martin, Lanny W.", TBA TBA,1 TO 15
30048,/courses/!SWKSCAT.cat?p_action=COURSE&p_term=201130&p_crn=30048,POLI 800,PH.D. RESEARCH AND THESIS,"Martin, Lanny W.", TBA TBA,1 TO 15
30134,/courses/!SWKSCAT.cat?p_action=COURSE&p_term=201130&p_crn=30134,PSYC 101,INTRODUCTION TO PSYCHOLOGY,"Allen, Corinne M.; Cragin, Anna I.",9:30AM - 12:00PM TR SEW 562,3
30135,/courses/!SWKSCAT.cat?p_action=COURSE&p_term=201130&p_crn=30135,PSYC 101,INTRODUCTION TO PSYCHOLOGY,"Martin, Michelle P.",1:00PM - 4:15PM MTWRF SEW 462,3
30136,/courses/!SWKSCAT.cat?p_action=COURSE&p_term=201130&p_crn=30136,PSYC 202,INTRO TO SOCIAL PSYCHOLOGY,"Martinez, Larry; Ruggs, Enrica",9:15AM - 12:30PM MTWRF HUM 328,3
30137,/courses/!SWKSCAT.cat?p_action=COURSE&p_term=201130&p_crn=30137,PSYC 203,INTRO TO COGNITIVE PSYCHOLOGY,"Allen, Corinne M.; Cragin, Anna I.",9:30AM - 12:45PM MTWRF RZR 202,3
30138,/courses/!SWKSCAT.cat?p_action=COURSE&p_term=201130&p_crn=30138,PSYC 203,INTRO TO COGNITIVE PSYCHOLOGY,"Geng, Jingyi; Harvey, Denise Y.",2:00PM - 5:00PM MTW SEW 462,3
30139,/courses/!SWKSCAT.cat?p_action=COURSE&p_term=201130&p_crn=30139,PSYC 231,INDUS & ORGANIZATIONAL PSYC,"Wang, Shu",9:30AM - 12:45PM MTWRF SEW 460,3
30188,/courses/!SWKSCAT.cat?p_action=COURSE&p_term=201130&p_crn=30188,PSYC 231,INDUS & ORGANIZATIONAL PSYC,"Martin, Michelle P.",9:30AM - 12:00PM MTWR RZR 204,3
30140,/courses/!SWKSCAT.cat?p_action=COURSE&p_term=201130&p_crn=30140,PSYC 308,MEMORY,"Haber, Sara",9:30AM - 12:45PM MTWRF RZR 302,3
30189,/courses/!SWKSCAT.cat?p_action=COURSE&p_term=201130&p_crn=30189,PSYC 308,MEMORY,"Basu Mallick, Debshila",11:00AM - 1:00PM MWF SEW 462,3
30190,/courses/!SWKSCAT.cat?p_action=COURSE&p_term=201130&p_crn=30190,PSYC 321,DEVELOPMENTAL PSYCHOLOGY,"Lundwall, Rebecca A.",1:00PM - 4:15PM MTWRF SEW 460,3
30256,/courses/!SWKSCAT.cat?p_action=COURSE&p_term=201130&p_crn=30256,PSYC 338,STATISTICAL METHODS LAB,"Lane, David M.", TBA TBA,0
30141,/courses/!SWKSCAT.cat?p_action=COURSE&p_term=201130&p_crn=30141,PSYC 339,STATISTICAL METHODS-PSYCHOLOGY,"Lane, David M.", TBA TBA,4
30142,/courses/!SWKSCAT.cat?p_action=COURSE&p_term=201130&p_crn=30142,PSYC 340,RESEARCH METHODS,"Harvey, Denise Y.",9:00AM - 12:30PM TR SEW 460,4
30191,/courses/!SWKSCAT.cat?p_action=COURSE&p_term=201130&p_crn=30191,PSYC 340,RESEARCH METHODS,"Glaser, Yi G.",1:00PM - 5:15PM MTWRF RZR 202,4
30049,/courses/!SWKSCAT.cat?p_action=COURSE&p_term=201130&p_crn=30049,PSYC 563,COGNITIVE PSYC INTERNSHIP,"Lane, David M.", TBA TBA,1 TO 9
30050,/courses/!SWKSCAT.cat?p_action=COURSE&p_term=201130&p_crn=30050,PSYC 573,NON-THESIS GRADUATE RESEARCH,"Lane, David M.", TBA TBA,1 TO 6
30051,/courses/!SWKSCAT.cat?p_action=COURSE&p_term=201130&p_crn=30051,PSYC 639,I/O PSYCHOLOGY INTERNSHIP,"Lane, David M.", TBA TBA,1 TO 9
30052,/courses/!SWKSCAT.cat?p_action=COURSE&p_term=201130&p_crn=30052,PSYC 649,HF/HCI PSYC INTERNSHIP,"Lane, David M.", TBA TBA,1 TO 9
30053,/courses/!SWKSCAT.cat?p_action=COURSE&p_term=201130&p_crn=30053,PSYC 700,THESIS RESEARCH,"Lane, David M.", TBA TBA,1 TO 15
30054,/courses/!SWKSCAT.cat?p_action=COURSE&p_term=201130&p_crn=30054,PSYC 800,DISSERTATION RESEARCH,"Lane, David M.", TBA TBA,1 TO 15
30144,/courses/!SWKSCAT.cat?p_action=COURSE&p_term=201130&p_crn=30144,RELI 111,INTRO AFRICAN RELIGIONS,"Bongmba, Elias K.",8:30AM - 12:30PM MTWR HUM 226,3
30273,/courses/!SWKSCAT.cat?p_action=COURSE&p_term=201130&p_crn=30273,RELI 401,INDEPENDENT STUDY,"Pinn, Anthony B.", TBA TBA,1 TO 6
30276,/courses/!SWKSCAT.cat?p_action=COURSE&p_term=201130&p_crn=30276,RELI 401,INDEPENDENT STUDY,"Bongmba, Elias K.", TBA TBA,1 TO 6
30055,/courses/!SWKSCAT.cat?p_action=COURSE&p_term=201130&p_crn=30055,RELI 700,GRADUATE RESEARCH,"DeConick, April D.", TBA TBA,1 TO 12
30150,/courses/!SWKSCAT.cat?p_action=COURSE&p_term=201130&p_crn=30150,SMGT 260,INTRO TO SPORT MANAGEMENT,"Sosa, Jason P.",7:00PM - 9:00PM MTWR HRG 125,3
30151,/courses/!SWKSCAT.cat?p_action=COURSE&p_term=201130&p_crn=30151,SMGT 260,INTRO TO SPORT MANAGEMENT,"Disch, James G.",1:15PM - 3:00PM MTWRF TBA TBA,3
30152,/courses/!SWKSCAT.cat?p_action=COURSE&p_term=201130&p_crn=30152,SMGT 276,SPORT MANAGEMENT PRACTICUM,"Stallings, Tom",9:30AM - 12:00PM TR HUM 120,3
30153,/courses/!SWKSCAT.cat?p_action=COURSE&p_term=201130&p_crn=30153,SMGT 350,SPORT ETHICS,"Haptonstall, Clark D.",10:00AM - 11:45AM MWF HNZ 201,3
30155,/courses/!SWKSCAT.cat?p_action=COURSE&p_term=201130&p_crn=30155,SMGT 360,SALES & REVENUE IN SPORT,"Stallings, Tom",10:00AM - 11:45AM MWF TBA TBA,3
30157,/courses/!SWKSCAT.cat?p_action=COURSE&p_term=201130&p_crn=30157,SMGT 364,SPORT LAW,"Thornton, Patrick K.",3:30PM - 5:15PM MTWR HUM 227,3
30159,/courses/!SWKSCAT.cat?p_action=COURSE&p_term=201130&p_crn=30159,SMGT 376,SPORT MANAGEMENT INTERNSHIP 1,"Stallings, Tom", TBA TBA,3
30269,/courses/!SWKSCAT.cat?p_action=COURSE&p_term=201130&p_crn=30269,SMGT 376,SPORT MANAGEMENT INTERNSHIP 1,"Haptonstall, Clark D.", TBA TBA,3
30160,/courses/!SWKSCAT.cat?p_action=COURSE&p_term=201130&p_crn=30160,SMGT 377,SPORT MANAGEMENT INTERNSHIP 2,"Stallings, Tom", TBA TBA,3
30270,/courses/!SWKSCAT.cat?p_action=COURSE&p_term=201130&p_crn=30270,SMGT 377,SPORT MANAGEMENT INTERNSHIP 2,"Haptonstall, Clark D.", TBA TBA,3
30163,/courses/!SWKSCAT.cat?p_action=COURSE&p_term=201130&p_crn=30163,SMGT 405,RESEARCH IN SPORT MANAGEMENT,"Sosa, Jason P.",1:00PM - 3:30PM MTWR TBA TBA,3
30164,/courses/!SWKSCAT.cat?p_action=COURSE&p_term=201130&p_crn=30164,SMGT 466,MEDIA RELATIONS,"Haptonstall, Clark D.",1:30PM - 3:15PM MWF HNZ 201,3
30224,/courses/!SWKSCAT.cat?p_action=COURSE&p_term=201130&p_crn=30224,SMGT 498,THEORIES HIGH LEVEL PERFORMNCE,"Disch, James G.",4:15PM - 6:00PM MWR TUD 201,1 TO 4
30148,/courses/!SWKSCAT.cat?p_action=COURSE&p_term=201130&p_crn=30148,SOCI 101,INTRODUCTION TO SOCIOLOGY,"Baylor, Jim",3:30PM - 5:40PM MTWR POL LETC,3
30149,/courses/!SWKSCAT.cat?p_action=COURSE&p_term=201130&p_crn=30149,SOCI 321,CRIMINOLOGY,"Baylor, Jim",5:50PM - 8:00PM MTWR POL LETC,3
30166,/courses/!SWKSCAT.cat?p_action=COURSE&p_term=201130&p_crn=30166,STAT 280,ELEMENTARY APPLIED STATISTICS,"Guerra, Rudy",1:30PM - 5:15PM MTWRF HBH 22,4
30194,/courses/!SWKSCAT.cat?p_action=COURSE&p_term=201130&p_crn=30194,STAT 310,PROBABILITY & STATISTICS,"Guerra, Rudy",9:00AM - 12:00PM TR BNC 145,3
30196,/courses/!SWKSCAT.cat?p_action=COURSE&p_term=201130&p_crn=30196,STAT 421,COMPUTATIONAL FINANCE II,"Ensor, Katherine",6:00PM - 9:00PM MTWR DCH 1075,3
30200,/courses/!SWKSCAT.cat?p_action=COURSE&p_term=201130&p_crn=30200,STAT 490,INDEPENDENT STUDY,"Rojo, Javier", TBA TBA,1 TO 6
30058,/courses/!SWKSCAT.cat?p_action=COURSE&p_term=201130&p_crn=30058,STAT 540,STATISTICAL MODELING,, TBA TBA,2
30059,/courses/!SWKSCAT.cat?p_action=COURSE&p_term=201130&p_crn=30059,STAT 590,INDEPENDENT STUDY,, TBA TBA,1 TO 15
30197,/courses/!SWKSCAT.cat?p_action=COURSE&p_term=201130&p_crn=30197,STAT 621,COMPUTATIONAL FINANCE II,"Ensor, Katherine", TBA TBA,3
30060,/courses/!SWKSCAT.cat?p_action=COURSE&p_term=201130&p_crn=30060,STAT 800,THESIS,, TBA TBA,1 TO 15
30227,/courses/!SWKSCAT.cat?p_action=COURSE&p_term=201130&p_crn=30227,SWGS 333,MASCULINITIES,"Bendixsen, Casper",9:00AM - 1:00PM MTWR RZR 310,3
30067,/courses/!SWKSCAT.cat?p_action=COURSE&p_term=201130&p_crn=30067,SWGS 335,LIFE CYCLE: A BIOCULTURAL VIEW,"Mitchell, Beverly M.",5:30PM - 8:10PM TWR SEW 562,3
